Date,open_ARKK,open_IWF,open_QQQ,open_UPRO,high_ARKK,high_IWF,high_QQQ,high_UPRO,low_ARKK,low_IWF,low_QQQ,low_UPRO,close_ARKK,close_IWF,close_QQQ,close_UPRO,open_combined,high_combined,low_combined,close_combined
2024-03-27,50.790000915527344,338.6000061035156,446.44000244140625,70.02999877929688,50.8849983215332,338.9100036621094,446.5400085449219,70.61000061035156,49.45000076293945,335.4100036621094,441.92999267578125,69.12999725341797,50.11000061035156,337.9200134277344,444.8299865722656,70.58999633789062,226.46500205993652,226.736252784729,223.979998588562,225.86249923706055
2024-03-28,50.220001220703125,337.1400146484375,444.7799987792969,70.58999633789062,50.61000061035156,337.9800109863281,445.6400146484375,71.1500015258789,49.970001220703125,336.44000244140625,443.6499938964844,70.43000030517578,50.08000183105469,337.04998779296875,444.010009765625,70.55000305175781,225.68250274658203,226.34500694274902,225.12249946594238,225.42250061035156
2024-04-01,50.06999969482422,337.55999755859375,444.9700012207031,70.80999755859375,50.11000061035156,338.9100036621094,447.5299987792969,71.02999877929688,48.814998626708984,335.510009765625,443.0199890136719,69.6500015258789,49.2400016784668,336.8500061035156,444.95001220703125,70.19000244140625,225.8524990081787,226.89500045776367,224.2487497329712,225.30750560760498
2024-04-02,47.685001373291016,332.8800048828125,440.0799865722656,68.52999877929688,47.90999984741211,334.32000732421875,441.42999267578125,68.81999969482422,47.04499816894531,331.7099914550781,438.0299987792969,67.81999969482422,47.779998779296875,333.9100036621094,441.1099853515625,68.7699966430664,222.2937479019165,223.11999988555908,221.15124702453613,222.8924961090088
2024-04-03,47.459999084472656,332.8699951171875,438.9599914550781,68.30999755859375,48.209999084472656,336.2200012207031,444.0,69.58000183105469,47.150001525878906,332.8699951171875,438.95001220703125,68.27999877929688,47.91999816894531,334.82000732421875,442.1000061035156,68.97000122070312,221.899995803833,224.50250053405762,221.81250190734863,223.4525032043457
2024-04-04,48.459999084472656,337.5199890136719,446.3299865722656,70.54000091552734,48.83000183105469,338.3399963378906,446.95001220703125,70.68000030517578,47.20500183105469,330.0,435.1099853515625,66.25,47.27000045776367,330.1199951171875,435.3399963378906,66.33999633789062,225.71249389648438,226.2000026702881,219.6412467956543,219.7674970626831
2024-04-05,46.72999954223633,331.6499938964844,436.7799987792969,66.9000015258789,47.595001220703125,336.19000244140625,443.1700134277344,69.20999908447266,46.599998474121094,331.29998779296875,435.9599914550781,66.72000122070312,47.119998931884766,334.69000244140625,440.4700012207031,68.4000015258789,220.51499843597412,224.0412540435791,220.14499473571777,222.67000102996826
2024-04-08,47.689998626708984,335.45001220703125,441.4100036621094,68.69999694824219,48.244998931884766,336.0199890136719,442.5,69.0999984741211,47.54399871826172,333.7699890136719,439.20001220703125,68.19000244140625,48.099998474121094,334.7300109863281,440.6000061035156,68.45999908447266,223.31250286102295,223.96624660491943,222.17600059509277,222.97250366210938
2024-04-09,48.11000061035156,336.260009765625,442.9599914550781,69.19999694824219,48.849998474121094,336.3299865722656,443.239990234375,69.29000091552734,48.0099983215332,331.5299987792969,437.44000244140625,66.7699966430664,48.619998931884766,335.0799865722656,442.2300109863281,68.69999694824219,224.13249969482422,224.42749404907227,220.93749904632568,223.65749835968018
2024-04-10,47.13199996948242,331.0899963378906,437.0,66.37999725341797,47.8849983215332,333.4800109863281,439.239990234375,67.44999694824219,46.970001220703125,330.94000244140625,436.2799987792969,65.83999633789062,47.4900016784668,332.6400146484375,438.3699951171875,66.68000030517578,220.40049839019775,222.01374912261963,220.00749969482422,221.2950029373169
2024-04-11,47.775001525878906,334.010009765625,440.260009765625,67.16999816894531,48.2400016784668,338.1199951171875,446.3299865722656,68.66000366210938,47.0,332.0299987792969,437.9599914550781,65.79000091552734,48.20000076293945,337.3800048828125,445.3699951171875,68.0999984741211,222.30375480651855,225.33749675750732,220.6949977874756,224.76249980926514
2024-04-12,47.70000076293945,334.6600036621094,441.1000061035156,66.62000274658203,47.72999954223633,335.7699890136719,442.239990234375,67.19000244140625,46.314998626708984,331.6199951171875,436.8800048828125,64.54000091552734,46.5099983215332,332.6199951171875,438.2699890136719,65.19999694824219,222.52000331878662,223.23249530792236,219.83874988555908,220.6499948501587
2024-04-15,46.72999954223633,335.5899963378906,442.05999755859375,66.8499984741211,46.72999954223633,335.5899963378906,442.1499938964844,66.91999816894531,44.244998931884766,326.6099853515625,430.2099914550781,62.43000030517578,44.380001068115234,327.010009765625,431.05999755859375,62.77000045776367,222.80749797821045,222.84749698638916,215.8737440109253,216.3050022125244
2024-04-16,43.84000015258789,327.3399963378906,430.8999938964844,62.91999816894531,44.095001220703125,329.2200012207031,433.760009765625,63.5,43.150001525878906,326.2300109863281,429.70001220703125,61.900001525878906,43.650001525878906,327.0199890136719,431.1000061035156,62.369998931884766,216.24999713897705,217.6437530517578,215.2450065612793,216.0349988937378
2024-04-17,43.9900016784668,328.9200134277344,433.1000061035156,63.29999923706055,44.13999938964844,329.0799865722656,433.1199951171875,63.36000061035156,42.79999923706055,323.3599853515625,424.8999938964844,60.72999954223633,43.02000045776367,324.239990234375,425.8399963378906,61.2599983215332,217.32750511169434,217.42499542236328,212.94749450683594,213.58999633789062
2024-04-18,42.974998474121094,324.8500061035156,426.489990234375,61.72999954223633,43.6619987487793,326.2699890136719,428.239990234375,62.52000045776367,42.52000045776367,322.1499938964844,422.8299865722656,60.470001220703125,42.90999984741211,322.4800109863281,423.4100036621094,60.779998779296875,214.011248588562,215.17299461364746,211.9924955368042,212.39500331878662
2024-04-19,42.75,321.8699951171875,422.2200012207031,60.7599983215332,43.30500030517578,322.25,422.75,61.130001068115234,41.709999084472656,315.239990234375,413.07000732421875,58.7400016784668,42.0,316.1499938964844,414.6499938964844,59.15999984741211,211.89999866485596,212.35875034332275,207.1899995803833,207.98999691009521
2024-04-22,42.189998626708984,318.3599853515625,417.30999755859375,60.150001525878906,42.88999938964844,321.2200012207031,421.17999267578125,61.779998779296875,41.57500076293945,315.80999755859375,413.94000244140625,59.279998779296875,42.599998474121094,319.29998779296875,418.82000732421875,60.75,209.50249576568604,211.76749801635742,207.65124988555908,210.36749839782715
2024-04-23,42.790000915527344,321.17999267578125,420.7699890136719,61.560001373291016,44.36000061035156,324.6000061035156,426.2799987792969,63.119998931884766,42.790000915527344,320.67999267578125,418.8699951171875,61.36000061035156,43.869998931884766,324.0299987792969,425.07000732421875,62.93000030517578,211.57499599456787,214.5900011062622,210.9249973297119,213.97500133514404
2024-04-24,44.779998779296875,326.1099853515625,428.20001220703125,63.290000915527344,44.83000183105469,326.6099853515625,429.7300109863281,63.560001373291016,43.459999084472656,322.5,424.20001220703125,62.0,43.900001525878906,324.0899963378906,426.510009765625,62.880001068115234,215.5949993133545,216.18249988555908,213.04000282287598,214.34500217437744
2024-04-25,42.630001068115234,317.3900146484375,419.239990234375,60.43000030517578,43.76499938964844,322.69000244140625,425.32000732421875,62.349998474121094,42.470001220703125,316.55999755859375,418.1400146484375,59.84000015258789,43.61000061035156,322.04998779296875,424.45001220703125,62.029998779296875,209.92250156402588,213.53125190734863,209.25250339508057,213.0349998474121
2024-04-26,43.630001068115234,326.44000244140625,427.6199951171875,63.099998474121094,44.27000045776367,329.1199951171875,432.54998779296875,64.41000366210938,43.119998931884766,325.69000244140625,426.9200134277344,62.869998931884766,44.06999969482422,327.989990234375,431.0,63.81999969482422,215.19749927520752,217.58749675750732,214.65000343322754,216.71999740600586
2024-04-29,44.70000076293945,329.3599853515625,433.1300048828125,64.5,45.60499954223633,329.7200012207031,433.760009765625,64.72000122070312,44.65999984741211,326.55999755859375,429.9800109863281,63.40999984741211,45.130001068115234,328.42999267578125,432.75,64.44000244140625,217.9224977493286,218.4512529373169,216.15250205993652,217.68749904632568
2024-04-30,44.58000183105469,327.8599853515625,431.1499938964844,63.84000015258789,44.90999984741211,329.0299987792969,432.55999755859375,64.25,43.44499969482422,322.739990234375,424.510009765625,61.38999938964844,43.459999084472656,322.8399963378906,424.5899963378906,61.400001525878906,216.85749530792236,217.68749904632568,213.02124977111816,213.0724983215332
2024-05-01,43.099998474121094,322.69000244140625,423.1499938964844,61.130001068115234,45.15999984741211,327.57000732421875,430.1400146484375,63.630001068115234,42.98699951171875,320.9700012207031,420.6600036621094,60.58000183105469,43.81999969482422,321.6700134277344,421.5199890136719,60.70000076293945,212.51749897003174,216.6250057220459,211.29925155639648,211.92750072479248
2024-05-02,44.4900016784668,324.3900146484375,425.29998779296875,62.09000015258789,45.029998779296875,326.17999267578125,427.80999755859375,62.70000076293945,43.58000183105469,321.3900146484375,420.6300048828125,60.38999938964844,44.93000030517578,325.6400146484375,426.8999938964844,62.369998931884766,214.06750106811523,215.42999744415283,211.49750518798828,214.9600019454956
2024-05-03,46.25,331.489990234375,434.44000244140625,64.66000366210938,46.65999984741211,332.1400146484375,436.4800109863281,65.16999816894531,45.1150016784668,329.5199890136719,432.6199951171875,63.689998626708984,45.470001220703125,331.5,435.4800109863281,64.69000244140625,219.20999908447266,220.11250591278076,217.7362461090088,219.28500366210938
2024-05-06,45.91999816894531,332.7200012207031,437.29998779296875,65.62999725341797,46.61000061035156,335.8399963378906,440.3399963378906,66.69000244140625,45.869998931884766,332.1099853515625,436.5199890136719,65.44999694824219,46.5,335.8399963378906,440.25,66.69000244140625,220.3924961090088,222.36999893188477,219.98749256134033,222.31999969482422
2024-05-07,46.20000076293945,336.05999755859375,440.70001220703125,67.05000305175781,46.30500030517578,336.8800048828125,441.9700012207031,67.44000244140625,45.47999954223633,335.0400085449219,439.5799865722656,66.61000061035156,45.54999923706055,335.6700134277344,440.32000732421875,66.88999938964844,222.50250339508057,223.1487522125244,221.67749881744385,222.10750484466553
2024-05-08,44.56999969482422,333.95001220703125,437.6700134277344,66.12000274658203,44.79999923706055,335.8299865722656,441.4800109863281,67.08000183105469,44.279998779296875,333.8699951171875,437.54998779296875,66.08000183105469,44.43000030517578,335.19000244140625,440.05999755859375,66.86000061035156,220.57750701904297,222.29749965667725,220.44499588012695,221.63500022888184
2024-05-09,44.040000915527344,335.2099914550781,440.3299865722656,66.88999938964844,44.310001373291016,336.5,441.6000061035156,67.97000122070312,43.6349983215332,334.2200012207031,438.4599914550781,66.61000061035156,44.15999984741211,336.2200012207031,441.0199890136719,67.94000244140625,221.61749458312988,222.59500217437744,220.7312479019165,222.33499813079834
2024-05-10,44.33000183105469,337.30999755859375,442.5400085449219,68.58000183105469,44.470001220703125,338.25,444.30999755859375,68.91999816894531,42.849998474121094,335.6000061035156,440.5,67.72000122070312,42.91999816894531,336.6700134277344,442.05999755859375,68.2300033569336,223.19000244140625,223.98749923706055,221.66750144958496,222.47000312805176
2024-05-13,43.400001525878906,337.5299987792969,443.989990234375,68.86000061035156,44.849998474121094,337.6400146484375,444.0899963378906,68.88999938964844,43.36000061035156,335.70001220703125,441.6499938964844,67.73999786376953,44.16999816894531,336.8599853515625,443.0799865722656,68.19000244140625,223.4449977874756,223.8675022125244,222.11250114440918,223.07499313354492
2024-05-14,44.650001525878906,336.239990234375,442.6499938964844,68.26000213623047,45.970001220703125,339.20001220703125,446.4700012207031,69.33000183105469,44.6349983215332,336.04998779296875,442.4599914550781,68.04000091552734,45.119998931884766,338.57000732421875,445.92999267578125,69.11000061035156,222.9499969482422,225.24250411987305,222.79624462127686,224.68249988555908
2024-05-15,46.071998596191406,340.2699890136719,448.42999267578125,70.0999984741211,46.36000061035156,344.2099914550781,453.1499938964844,71.79000091552734,44.992000579833984,339.8900146484375,446.8999938964844,69.8499984741211,45.77000045776367,344.0299987792969,452.8999938964844,71.63999938964844,226.2179946899414,228.87749671936035,225.40800189971924,228.58499813079834
2024-05-16,45.58000183105469,344.20001220703125,452.7099914550781,71.63999938964844,45.77000045776367,345.17999267578125,454.69000244140625,72.30000305175781,44.91999816894531,342.79998779296875,451.80999755859375,71.0999984741211,44.959999084472656,342.95001220703125,451.9800109863281,71.16000366210938,228.53250122070312,229.48499965667725,227.65749549865723,227.76250648498535
2024-05-17,45.237998962402344,343.2900085449219,452.1099853515625,71.16999816894531,45.61000061035156,343.3500061035156,452.7200012207031,71.47000122070312,44.720001220703125,341.3299865722656,449.5400085449219,70.58000183105469,45.45000076293945,342.8699951171875,451.760009765625,71.44000244140625,227.951997756958,228.28750228881836,226.54249954223633,227.88000202178955
2024-05-20,45.38999938964844,342.989990234375,451.9800109863281,71.44999694824219,45.62900161743164,345.1700134277344,455.5799865722656,72.2699966430664,44.939998626708984,342.80999755859375,451.7900085449219,71.29000091552734,45.599998474121094,344.7300109863281,454.9100036621094,71.6500015258789,227.95249938964844,229.6622495651245,227.707501411438,229.22250366210938
2024-05-21,45.5,343.79998779296875,453.0400085449219,71.30000305175781,45.6349983215332,345.6199951171875,455.989990234375,72.22000122070312,45.04999923706055,343.4700012207031,452.8399963378906,71.23999786376953,45.20000076293945,345.4800109863281,455.79998779296875,72.13999938964844,228.4099998474121,229.8662462234497,228.14999866485596,229.6549997329712
2024-05-22,45.130001068115234,345.2900085449219,456.05999755859375,71.8499984741211,45.61000061035156,345.7900085449219,456.82000732421875,72.12999725341797,44.720001220703125,342.7699890136719,453.0799865722656,70.5999984741211,44.9900016784668,344.20001220703125,455.7099914550781,71.4800033569336,229.582501411438,230.08750343322754,227.79249382019043,229.09500217437744
2024-05-23,45.27000045776367,347.4100036621094,460.54998779296875,72.68000030517578,45.27000045776367,348.07000732421875,460.5799865722656,72.72000122070312,43.349998474121094,342.2799987792969,451.8500061035156,69.33000183105469,43.61000061035156,343.25,453.6600036621094,69.81999969482422,231.4774980545044,231.6599988937378,226.70250129699707,227.5850009918213
2024-05-24,43.77000045776367,344.3900146484375,455.2900085449219,70.58999633789062,44.529998779296875,346.6400146484375,459.2300109863281,71.52999877929688,43.625,343.5299987792969,453.57000732421875,70.18000030517578,44.380001068115234,346.0299987792969,457.95001220703125,71.20999908447266,228.51000499725342,230.48250579833984,227.72625160217285,229.892502784729
2024-05-28,44.2599983215332,347.3399963378906,459.17999267578125,71.5199966430664,44.4900016784668,347.8299865722656,459.739990234375,71.5999984741211,43.540000915527344,345.6400146484375,456.69000244140625,70.23999786376953,44.029998779296875,347.55999755859375,459.67999267578125,71.33999633789062,230.57499599456787,230.91499423980713,229.02750396728516,230.65249633789062
2024-05-29,43.369998931884766,344.7099914550781,455.4800109863281,69.61000061035156,43.599998474121094,347.3399963378906,458.239990234375,70.29000091552734,42.970001220703125,344.7099914550781,455.3399963378906,69.51000213623047,43.47999954223633,345.9599914550781,456.44000244140625,69.80000305175781,228.29250049591064,229.86749649047852,228.1324977874756,228.91999912261963
2024-05-30,43.029998779296875,344.54998779296875,455.5,69.1500015258789,43.125,344.8299865722656,455.6400146484375,69.41999816894531,42.4900016784668,340.3599853515625,450.2099914550781,67.88999938964844,42.790000915527344,341.3999938964844,451.54998779296875,68.37000274658203,228.05749702453613,228.2537498474121,225.23749446868896,226.02749633789062
2024-05-31,43.20000076293945,342.2900085449219,451.7799987792969,68.69999694824219,43.61000061035156,342.3900146484375,452.4800109863281,70.26000213623047,41.779998779296875,336.0899963378906,443.05999755859375,66.6500015258789,42.45000076293945,342.2900085449219,450.7099914550781,70.16999816894531,226.4925012588501,227.1850070953369,221.89499855041504,226.4049997329712
2024-06-03,43.0,344.1600036621094,454.57000732421875,70.83999633789062,43.52000045776367,344.739990234375,455.5799865722656,70.87999725341797,42.34000015258789,340.25,447.8999938964844,68.26000213623047,42.97999954223633,344.0899963378906,453.1300048828125,70.33999633789062,228.1425018310547,228.67999362945557,224.68749904632568,227.63499927520752
2024-06-04,42.72999954223633,343.9700012207031,452.8699951171875,69.80000305175781,43.51499938964844,345.7900085449219,455.5799865722656,70.8499984741211,42.6349983215332,342.7099914550781,451.1300048828125,69.16999816894531,43.22999954223633,345.17999267578125,454.3699951171875,70.5199966430664,227.3424997329712,228.93374824523926,226.41124820709229,228.32499599456787
2024-06-05,43.54999923706055,347.4800109863281,457.9800109863281,71.48999786376953,44.15999984741211,351.32000732421875,463.6099853515625,73.05000305175781,43.025001525878906,346.8399963378906,454.4100036621094,70.6500015258789,44.150001525878906,351.25,463.5299987792969,73.0199966430664,230.12500476837158,233.0349988937378,228.73125076293945,232.98749923706055
2024-06-06,44.09000015258789,352.19000244140625,464.2200012207031,73.16999816894531,45.08000183105469,352.7099914550781,464.5400085449219,73.33000183105469,43.95000076293945,350.42999267578125,462.19000244140625,72.20999908447266,44.7599983215332,351.7300109863281,463.3699951171875,72.98999786376953,233.41750049591064,233.91500091552734,232.1949987411499,233.2125005722046
2024-06-07,44.18000030517578,351.3800048828125,463.0,72.55000305175781,44.7400016784668,353.2699890136719,465.739990234375,73.86000061035156,43.619998931884766,350.1499938964844,461.8399963378906,72.06999969482422,43.79999923706055,351.2699890136719,462.9599914550781,72.63999938964844,232.77750205993652,234.4024953842163,231.919997215271,232.66749477386475
2024-06-10,43.400001525878906,350.6000061035156,461.82000732421875,72.30000305175781,44.27000045776367,352.94000244140625,465.19000244140625,73.44999694824219,43.34000015258789,350.1300048828125,461.5299987792969,72.05000305175781,44.150001525878906,352.6300048828125,464.8299865722656,73.30000305175781,232.03000450134277,233.9625005722046,231.76250171661377,233.7274990081787
2024-06-11,43.880001068115234,351.7799987792969,463.5400085449219,72.66999816894531,44.224998474121094,355.4700012207031,468.1400146484375,73.8499984741211,43.25,350.7900085449219,462.0299987792969,71.81999969482422,44.15999984741211,355.44000244140625,468.0199890136719,73.80000305175781,232.96750164031982,235.4212532043457,231.97250175476074,235.354998588562
2024-06-12,45.29999923706055,358.7200012207031,471.989990234375,75.7300033569336,45.900001525878906,362.70001220703125,476.5,76.75,44.915000915527344,358.04998779296875,471.2900085449219,75.19000244140625,45.08000183105469,360.1000061035156,474.1499938964844,75.5999984741211,237.93499851226807,240.46250343322754,237.36124992370605,238.73250007629395
2024-06-13,45.47999954223633,362.8900146484375,477.7200012207031,76.3499984741211,45.720001220703125,362.9100036621094,478.3900146484375,76.41000366210938,44.31999969482422,359.760009765625,474.4200134277344,74.86000061035156,44.380001068115234,361.8599853515625,476.7200012207031,76.06999969482422,240.6100034713745,240.85750579833984,238.3400058746338,239.75749683380127
2024-06-14,44.20000076293945,361.3800048828125,476.5199890136719,75.33999633789062,44.290000915527344,363.1600036621094,479.260009765625,76.12999725341797,43.54999923706055,360.80999755859375,476.04998779296875,74.88999938964844,43.869998931884766,363.1000061035156,479.19000244140625,76.08000183105469,239.3599977493286,240.71000289916992,238.82499599456787,240.56000232696533
2024-06-17,43.529998779296875,363.0199890136719,479.4599914550781,75.80000305175781,44.439998626708984,368.1499938964844,486.8599853515625,78.47000122070312,43.279998779296875,362.3299865722656,478.1400146484375,75.58999633789062,44.130001068115234,366.6700134277344,485.05999755859375,77.87000274658203,240.45249557495117,244.47999477386475,239.83499908447266,243.43250370025635
2024-06-18,43.970001220703125,366.7900085449219,485.010009765625,77.88999938964844,44.040000915527344,367.45001220703125,485.8999938964844,78.51000213623047,43.61000061035156,365.79998779296875,483.42999267578125,77.70999908447266,43.68000030517578,367.3299865722656,485.2099914550781,78.44000244140625,243.4150047302246,243.97500228881836,242.63749504089355,243.66499519348145
2024-06-20,43.599998474121094,368.3299865722656,486.4200134277344,78.83999633789062,43.599998474121094,368.8999938964844,486.8399963378906,79.12000274658203,42.83000183105469,363.1400146484375,479.6199951171875,77.0199966430664,43.369998931884766,364.8299865722656,481.4700012207031,77.75,244.29749870300293,244.61499786376953,240.65250205993652,241.85499668121338
2024-06-21,43.20000076293945,364.69000244140625,481.19000244140625,77.3499984741211,43.38999938964844,365.75,482.5400085449219,77.87999725341797,42.88999938964844,362.8299865722656,478.6700134277344,76.77999877929688,43.31999969482422,364.0199890136719,480.17999267578125,77.19999694824219,241.60750102996826,242.39000129699707,240.29249954223633,241.17999458312988
2024-06-24,43.31999969482422,363.0799865722656,478.17999267578125,77.27999877929688,43.91999816894531,364.7699890136719,479.92999267578125,78.41000366210938,42.900001525878906,360.3599853515625,473.82000732421875,76.56999969482422,43.2400016784668,360.4599914550781,473.9599914550781,76.58999633789062,240.464994430542,241.75749588012695,238.4124984741211,238.56249523162842
2024-06-25,43.2400016784668,361.8299865722656,476.07000732421875,77.12000274658203,43.540000915527344,364.7099914550781,479.67999267578125,77.62999725341797,42.970001220703125,361.4100036621094,475.1199951171875,76.47000122070312,43.33000183105469,364.5,479.3800048828125,77.44000244140625,239.5649995803833,241.38999557495117,238.99250030517578,241.16250228881836
2024-06-26,43.150001525878906,363.7900085449219,478.54998779296875,76.7300033569336,43.72999954223633,366.5400085449219,480.9200134277344,77.80999755859375,43.130001068115234,363.7900085449219,478.1300048828125,76.44999694824219,43.58000183105469,366.42999267578125,480.3699951171875,77.52999877929688,240.55500030517578,242.25000476837158,240.37500286102295,241.97749710083008
2024-06-27,43.349998474121094,366.239990234375,480.1199951171875,77.41000366210938,44.064998626708984,368.05999755859375,483.1000061035156,78.0999984741211,43.13999938964844,365.7200012207031,479.29998779296875,77.0999984741211,44.0099983215332,367.2300109863281,481.6099853515625,77.81999969482422,241.77999687194824,243.33125019073486,241.31499671936035,242.667498588562
2024-06-28,44.15999984741211,367.8299865722656,482.4100036621094,78.11000061035156,44.34000015258789,370.4599914550781,487.20001220703125,79.44000244140625,43.5099983215332,364.29998779296875,478.4599914550781,76.30999755859375,43.95000076293945,364.510009765625,479.1099853515625,76.83999633789062,243.12749767303467,245.36000156402588,240.64499378204346,241.1024980545044
2024-07-01,44.04999923706055,365.8999938964844,480.0400085449219,77.41999816894531,44.70500183105469,368.3299865722656,482.489990234375,77.51000213623047,44.04999923706055,363.1499938964844,476.260009765625,76.11000061035156,44.45000076293945,367.92999267578125,481.9200134277344,77.27999877929688,241.85249996185303,243.25874519348145,239.89250087738037,242.895001411438
2024-07-02,44.54999923706055,366.2099914550781,480.4100036621094,76.5999984741211,44.974998474121094,370.9800109863281,487.0400085449219,78.81999969482422,44.45000076293945,366.2099914550781,480.2799987792969,76.55000305175781,44.81999969482422,370.9700012207031,486.9800109863281,78.79000091552734,241.94249820709229,245.45375442504883,241.87249851226807,245.3900032043457
2024-07-03,44.959999084472656,370.5199890136719,486.2200012207031,78.62999725341797,45.939998626708984,374.2300109863281,491.1700134277344,79.97000122070312,44.959999084472656,370.5199890136719,486.2200012207031,78.62000274658203,45.61000061035156,374.17999267578125,491.0400085449219,79.77999877929688,245.0824966430664,247.82750606536865,245.07999801635742,247.6525001525879
2024-07-05,45.470001220703125,374.4599914550781,491.8900146484375,79.9000015258789,45.959999084472656,378.3699951171875,496.6000061035156,81.30999755859375,44.939998626708984,374.32000732421875,491.5899963378906,79.5999984741211,45.95000076293945,378.0,496.1600036621094,81.12000274658203,247.9300022125244,250.55999946594238,247.61250019073486,250.30750179290771
2024-07-08,46.02000045776367,378.5299987792969,496.5299987792969,81.4800033569336,46.23500061035156,378.9100036621094,497.8999938964844,81.80000305175781,45.47999954223633,377.4800109863281,495.5,80.88999938964844,45.88999938964844,378.44000244140625,497.3399963378906,81.37000274658203,250.64000034332275,251.21125030517578,249.83750247955322,250.76000022888184
2024-07-09,45.84000015258789,379.7099914550781,498.8699951171875,81.7699966430664,46.22999954223633,380.7300109863281,500.0,82.16999816894531,45.459999084472656,377.8500061035156,496.239990234375,81.45999908447266,46.04999923706055,378.95001220703125,497.7699890136719,81.56999969482422,251.54749584197998,252.28250217437744,250.25249862670898,251.08500003814697
2024-07-10,46.13999938964844,380.2900085449219,499.7099914550781,82.11000061035156,46.27000045776367,382.82000732421875,503.5199890136719,84.12999725341797,45.29999923706055,378.95001220703125,498.3900146484375,81.9800033569336,45.95000076293945,382.760009765625,502.9599914550781,83.91999816894531,252.0625,254.18499851226807,251.15500736236572,253.89750003814697
2024-07-11,46.560001373291016,382.5,503.07000732421875,84.01000213623047,47.5099983215332,382.6300048828125,503.2799987792969,84.4000015258789,45.60499954223633,373.489990234375,490.7300109863281,81.4800033569336,45.709999084472656,374.6499938964844,491.92999267578125,81.76000213623047,254.03500270843506,254.45500087738037,247.82625102996826,248.5124969482422
2024-07-12,45.86000061035156,374.760009765625,492.510009765625,82.20999908447266,46.970001220703125,379.8500061035156,499.6199951171875,84.87000274658203,45.84000015258789,374.3999938964844,492.0400085449219,82.05000305175781,46.790000915527344,376.8299865722656,494.82000732421875,83.22000122070312,248.83500480651855,252.82750129699707,248.582501411438,250.4149990081787
2024-07-15,47.369998931884766,378.82000732421875,496.6099853515625,84.12000274658203,48.16999816894531,381.29998779296875,501.010009765625,85.36000061035156,46.994998931884766,376.2699890136719,494.0899963378906,83.05999755859375,47.70000076293945,377.9700012207031,496.1499938964844,83.9000015258789,251.729998588562,253.95999908447266,250.10374546051025,251.42999935150146
2024-07-16,48.029998779296875,379.29998779296875,497.6199951171875,84.47000122070312,49.45500183105469,379.760009765625,498.44000244140625,85.4800033569336,47.68000030517578,375.3500061035156,493.1499938964844,84.12000274658203,49.400001525878906,377.4599914550781,496.3399963378906,85.37000274658203,252.35499572753906,253.28375434875488,250.07500076293945,252.14249801635742
2024-07-17,48.439998626708984,370.8999938964844,488.2799987792969,82.55999755859375,49.55500030517578,371.0,488.79998779296875,83.3499984741211,47.95000076293945,366.3699951171875,481.70001220703125,81.58999633789062,48.43000030517578,366.7699890136719,481.7699890136719,81.7300033569336,247.544997215271,248.1762466430664,244.4025011062622,244.67499542236328
2024-07-18,48.470001220703125,369.70001220703125,485.5299987792969,82.4000015258789,48.959999084472656,369.70001220703125,485.7099914550781,82.83999633789062,46.30500030517578,361.260009765625,476.2699890136719,78.8499984741211,46.56999969482422,363.8999938964844,479.489990234375,79.79000091552734,246.52500343322754,246.80249977111816,240.67124938964844,242.43749618530273
2024-07-19,46.56999969482422,363.5899963378906,479.1499938964844,79.61000061035156,47.03499984741211,366.1499938964844,481.69000244140625,80.33999633789062,46.279998779296875,360.92999267578125,473.94000244140625,77.68000030517578,46.630001068115234,361.69000244140625,475.239990234375,78.11000061035156,242.2299976348877,243.80374813079834,239.70749855041504,240.417498588562
2024-07-22,47.09000015258789,365.94000244140625,481.1600036621094,79.83000183105469,47.70000076293945,368.4100036621094,483.3500061035156,80.79000091552734,46.560001373291016,364.19000244140625,477.7099914550781,78.9800033569336,47.65999984741211,367.3699951171875,482.32000732421875,80.54000091552734,243.50500202178955,245.06250286102295,241.85999965667725,244.47250080108643
2024-07-23,47.5099983215332,367.6600036621094,481.4100036621094,80.45999908447266,48.220001220703125,370.760009765625,484.42999267578125,81.41999816894531,47.46200180053711,367.3599853515625,480.1400146484375,79.91000366210938,47.7599983215332,367.8399963378906,480.6199951171875,80.12000274658203,244.26000118255615,246.20750045776367,243.71800136566162,244.08499813079834
2024-07-24,46.70000076293945,362.2200012207031,473.82000732421875,77.93000030517578,46.75,362.45001220703125,474.19000244140625,78.08999633789062,44.70000076293945,353.1400146484375,462.510009765625,74.2300033569336,44.709999084472656,353.8800048828125,463.3800048828125,74.63999938964844,240.16750240325928,240.37000274658203,233.6450071334839,234.15250205993652
2024-07-25,44.599998474121094,353.9599914550781,463.7200012207031,74.6500015258789,46.439998626708984,357.6499938964844,467.94000244140625,77.18000030517578,44.31999969482422,346.8699951171875,455.6300048828125,73.05999755859375,45.189998626708984,350.2799987792969,458.2699890136719,73.41999816894531,234.2324981689453,237.30249881744385,229.9699993133545,231.78999614715576
2024-07-26,45.869998931884766,353.19000244140625,462.6499938964844,74.94999694824219,46.369998931884766,355.5799865722656,465.92999267578125,76.95999908447266,45.2400016784668,351.30999755859375,459.7699890136719,74.62999725341797,45.779998779296875,353.2099914550781,462.9700012207031,75.83999633789062,234.1649980545044,236.20999431610107,232.7374963760376,234.4499969482422
2024-07-29,46.2400016784668,355.2900085449219,465.7099914550781,76.45999908447266,46.68000030517578,356.9200134277344,467.9100036621094,76.9000015258789,45.380001068115234,352.3500061035156,461.6199951171875,75.08000183105469,45.93000030517578,353.8299865722656,463.8999938964844,75.91000366210938,235.92500019073486,237.1025047302246,233.60750102996826,234.8924961090088
2024-07-30,45.9900016784668,354.92999267578125,465.8500061035156,76.54000091552734,46.33000183105469,355.7200012207031,466.55999755859375,76.9800033569336,44.584999084472656,345.9100036621094,454.1499938964844,73.30000305175781,44.959999084472656,348.94000244140625,457.5299987792969,74.73999786376953,235.82750034332275,236.3975009918213,229.48624992370605,231.54249954223633
2024-07-31,45.459999084472656,356.2699890136719,467.8699951171875,77.5999984741211,46.560001373291016,359.5899963378906,472.7900085449219,79.47000122070312,45.36000061035156,354.94000244140625,466.4100036621094,77.04000091552734,45.529998779296875,358.19000244140625,471.07000732421875,78.2300033569336,236.79999542236328,239.60250186920166,235.93750190734863,238.25500297546387
2024-08-01,45.369998931884766,360.05999755859375,471.760009765625,79.0999984741211,45.619998931884766,363.3500061035156,475.54998779296875,80.05999755859375,42.8650016784668,348.760009765625,455.9800109863281,73.5,43.209999084472656,351.69000244140625,459.6600036621094,75.01000213623047,239.07250118255615,241.14499759674072,230.27625560760498,232.3925018310547
2024-08-02,42.11000061035156,344.2799987792969,450.8900146484375,71.91000366210938,42.22999954223633,346.69000244140625,453.57000732421875,72.44000244140625,40.81999969482422,339.7300109863281,444.4700012207031,68.97000122070312,41.209999084472656,344.1199951171875,448.75,70.7699966430664,227.29750442504883,228.7325029373169,223.49750328063965,226.21249771118164
2024-08-05,36.992000579833984,323.2799987792969,424.7099914550781,62.209999084472656,40.48500061035156,337.57000732421875,442.2900085449219,67.01000213623047,36.849998474121094,320.760009765625,423.45001220703125,61.709999084472656,39.59000015258789,332.0199890136719,435.3699951171875,64.52999877929688,211.7979974746704,221.83875465393066,210.6925048828125,217.87749576568604
2024-08-06,40.2400016784668,334.3299865722656,437.2300109863281,65.20999908447266,40.869998931884766,341.6600036621094,447.07000732421875,69.12999725341797,39.275001525878906,331.4599914550781,434.55999755859375,64.68000030517578,40.20000076293945,336.3599853515625,439.5299987792969,66.30000305175781,219.2524995803833,224.68250179290771,217.49374771118164,220.59749698638916
2024-08-07,41.11000061035156,340.9599914550781,446.489990234375,68.69000244140625,41.48500061035156,343.1300048828125,449.0,69.86000061035156,39.43000030517578,332.42999267578125,434.3699951171875,64.69999694824219,39.470001220703125,332.6400146484375,434.7699890136719,64.91000366210938,224.31249618530273,225.8687515258789,217.73249626159668,217.94750213623047
2024-08-08,40.18000030517578,338.5299987792969,441.05999755859375,66.9000015258789,41.41999816894531,343.45001220703125,448.989990234375,69.6500015258789,39.77000045776367,335.19000244140625,437.1499938964844,66.0999984741211,41.290000915527344,342.5799865722656,448.07000732421875,69.38999938964844,221.66749954223633,225.87750053405762,219.55249881744385,225.33249855041504
2024-08-09,41.47999954223633,342.29998779296875,446.739990234375,69.0199966430664,41.79499816894531,346.4800109863281,452.05999755859375,70.8499984741211,41.02000045776367,341.9200134277344,445.6099853515625,68.52999877929688,41.459999084472656,345.6400146484375,450.4100036621094,70.23999786376953,224.88499355316162,227.79625129699707,224.26999950408936,226.93750381469727
2024-08-12,41.47999954223633,346.55999755859375,451.3900146484375,70.69999694824219,41.55799865722656,348.760009765625,454.3699951171875,71.31999969482422,40.68000030517578,344.57000732421875,448.54998779296875,69.43000030517578,40.91999816894531,346.6600036621094,451.3800048828125,70.31999969482422,227.53250217437744,229.00200080871582,225.80749893188477,227.32000160217285
2024-08-13,41.349998474121094,349.4200134277344,455.82000732421875,71.62999725341797,42.66999816894531,354.8800048828125,462.8500061035156,73.87999725341797,41.029998779296875,349.4200134277344,455.67999267578125,71.52999877929688,42.59000015258789,354.6000061035156,462.5799865722656,73.7699966430664,229.55500411987305,233.57000160217285,229.41500091552734,233.3849973678589
2024-08-14,42.83000183105469,355.3800048828125,463.510009765625,74.13999938964844,42.880001068115234,356.95001220703125,465.1099853515625,74.95999908447266,41.630001068115234,352.42999267578125,458.3999938964844,72.97000122070312,41.90999984741211,355.7099914550781,462.7300109863281,74.4800033569336,233.96500396728516,234.9749994277954,231.357497215271,233.707501411438
2024-08-15,42.75,359.5299987792969,468.760009765625,76.77999877929688,44.0,363.4200134277344,474.82000732421875,78.37999725341797,42.75,359.0199890136719,468.3800048828125,76.56999969482422,43.91999816894531,363.2200012207031,474.4200134277344,78.26000213623047,236.9550018310547,240.15500450134277,236.67999839782715,239.95500373840332
2024-08-16,43.599998474121094,361.9800109863281,472.6199951171875,77.5,44.29999923706055,364.79998779296875,476.4100036621094,79.01000213623047,43.599998474121094,361.30999755859375,471.6499938964844,77.43000030517578,44.09000015258789,363.69000244140625,475.0299987792969,78.66999816894531,238.92500114440918,241.12999820709229,238.49749755859375,240.36999988555908
2024-08-19,44.16999816894531,363.489990234375,475.1700134277344,78.87000274658203,45.09000015258789,368.239990234375,481.30999755859375,80.93000030517578,44.08000183105469,362.4599914550781,473.3699951171875,78.5199966430664,45.09000015258789,368.239990234375,481.2699890136719,80.93000030517578,240.42500114440918,243.8924970626831,239.60749626159668,243.88249492645264
2024-08-20,45.119998931884766,367.8699951171875,480.3500061035156,80.72000122070312,45.380001068115234,369.8500061035156,482.94000244140625,81.45999908447266,44.22999954223633,366.4800109863281,478.54998779296875,79.93000030517578,44.540000915527344,367.79998779296875,480.260009765625,80.48999786376953,243.51500034332275,244.90750217437744,242.29749965667725,243.27249908447266
2024-08-21,44.7400016784668,367.8399963378906,481.04998779296875,80.94000244140625,45.619998931884766,370.55999755859375,484.3699951171875,81.97000122070312,44.540000915527344,366.8599853515625,479.32000732421875,80.19000244140625,45.61000061035156,369.3399963378906,482.5,81.36000061035156,243.6424970626831,245.62999820709229,242.7274990081787,244.70249938964844
2024-08-22,45.68000030517578,371.1600036621094,484.8399963378906,82.16000366210938,45.77000045776367,371.6300048828125,485.5400085449219,82.41999816894531,44.16999816894531,363.239990234375,473.80999755859375,78.8499984741211,44.25,363.92999267578125,474.8500061035156,79.37999725341797,245.9600009918213,246.34000301361084,240.0174961090088,240.6024990081787
2024-08-23,44.84000015258789,366.6099853515625,479.239990234375,80.75,46.310001373291016,369.70001220703125,482.739990234375,82.23999786376953,44.75,364.42999267578125,475.2799987792969,79.7699966430664,46.2400016784668,368.1099853515625,480.0,81.80999755859375,242.85999393463135,245.2475004196167,241.05749702453613,244.03999614715576
2024-08-26,46.189998626708984,367.8800048828125,479.45001220703125,82.23999786376953,46.404998779296875,369.0899963378906,480.3800048828125,82.56999969482422,45.4900016784668,363.8699951171875,473.239990234375,80.47000122070312,45.72999954223633,365.70001220703125,475.3399963378906,81.16999816894531,243.94000339508057,244.61124992370605,240.7674970626831,241.98500156402588
2024-08-27,45.36000061035156,364.32000732421875,473.69000244140625,80.61000061035156,45.64799880981445,367.19000244140625,477.8399963378906,81.7300033569336,44.93000030517578,362.7300109863281,471.7099914550781,80.12999725341797,45.41999816894531,366.4700012207031,476.760009765625,81.51000213623047,240.99500274658203,243.10200023651123,239.875,242.54000282287598
2024-08-28,45.209999084472656,366.1300048828125,476.2900085449219,81.36000061035156,45.29999923706055,366.69000244140625,477.0199890136719,81.52999877929688,43.76499938964844,360.239990234375,467.8900146484375,78.63999938964844,44.27000045776367,362.9200134277344,471.3500061035156,80.06999969482422,242.24750328063965,242.6349973678589,237.63375091552734,239.65250492095947
2024-08-29,44.77000045776367,364.0299987792969,473.2799987792969,80.9000015258789,45.6349983215332,367.5400085449219,477.92999267578125,82.33999633789062,44.630001068115234,360.75,469.3699951171875,79.55999755859375,44.68000030517578,361.760009765625,470.6600036621094,80.02999877929688,240.74499988555908,243.36124897003174,238.57749843597412,239.28250312805176
2024-08-30,44.88999938964844,363.9100036621094,475.0400085449219,80.98999786376953,45.03799819946289,365.8599853515625,476.8999938964844,82.44999694824219,44.09000015258789,361.0400085449219,470.510009765625,79.43000030517578,44.81999969482422,365.4599914550781,476.2699890136719,82.19999694824219,241.2075023651123,242.561993598938,238.76750469207764,242.1874942779541
2024-09-03,44.540000915527344,363.4599914550781,473.20001220703125,80.79000091552734,44.779998779296875,363.4599914550781,473.3299865722656,80.94999694824219,42.81999969482422,352.9100036621094,459.4100036621094,76.0,42.97999954223633,354.7900085449219,461.80999755859375,77.13999938964844,240.49750137329102,240.6299934387207,232.78500175476074,234.1800012588501
2024-09-04,42.630001068115234,352.2699890136719,458.6700134277344,76.29000091552734,43.709999084472656,356.2799987792969,464.45001220703125,78.05999755859375,42.42499923706055,351.55999755859375,457.7300109863281,76.0,42.869998931884766,353.7799987792969,460.6099853515625,76.56999969482422,232.4650011062622,235.62500190734863,231.9287519454956,233.4574956893921
2024-09-05,43.040000915527344,352.82000732421875,458.9700012207031,76.54000091552734,44.05500030517578,357.7200012207031,465.3599853515625,77.7699966430664,42.97999954223633,352.3399963378906,457.94000244140625,74.97000122070312,43.599998474121094,354.1499938964844,461.0400085449219,76.01000213623047,232.84250259399414,236.22624588012695,232.05749988555908,233.70000076293945
2024-09-06,44.040000915527344,354.79998779296875,460.3299865722656,76.08999633789062,44.16999816894531,355.3399963378906,461.2200012207031,76.7699966430664,41.35499954223633,345.29998779296875,448.19000244140625,71.72000122070312,41.59000015258789,346.1199951171875,448.69000244140625,72.12000274658203,233.8149929046631,234.37499809265137,226.6412477493286,227.13000011444092
2024-09-09,42.16999816894531,349.29998779296875,453.05999755859375,73.80999755859375,43.0629997253418,350.9100036621094,455.4599914550781,75.01000213623047,42.08000183105469,346.8699951171875,449.82000732421875,73.0,42.63999938964844,350.3800048828125,454.4599914550781,74.4800033569336,229.5849952697754,231.11074924468994,227.94250106811523,230.48999977111816
2024-09-10,42.939998626708984,351.7699890136719,456.239990234375,75.26000213623047,43.29499816894531,353.8900146484375,459.1700134277344,75.5999984741211,42.16999816894531,349.3399963378906,452.2300109863281,73.23999786376953,43.290000915527344,353.69000244140625,458.6600036621094,75.43000030517578,231.55249500274658,232.98875617980957,229.2450008392334,232.7675018310547
2024-09-11,43.130001068115234,354.54998779296875,459.9100036621094,75.4000015258789,44.27000045776367,361.7799987792969,469.3699951171875,78.13999938964844,42.4900016784668,348.80999755859375,451.2799987792969,71.7699966430664,44.22999954223633,361.1600036621094,468.6199951171875,77.69999694824219,233.24749851226807,238.38999843597412,228.58749866485596,237.92749881744385
2024-09-12,44.43000030517578,361.739990234375,468.6499938964844,77.98999786376953,45.19499969482422,365.8599853515625,474.0400085449219,79.80999755859375,43.970001220703125,360.5299987792969,466.8500061035156,77.0199966430664,44.97999954223633,365.1700134277344,473.2200012207031,79.66000366210938,238.20249557495117,241.2262477874756,237.0925006866455,240.7575044631958
2024-09-13,45.13999938964844,365.7200012207031,472.4800109863281,79.87999725341797,45.849998474121094,367.8800048828125,476.5299987792969,81.29000091552734,45.06999969482422,365.07000732421875,472.25,79.7699966430664,45.7599983215332,366.8800048828125,475.3399963378906,80.83000183105469,240.8050022125244,242.88750076293945,240.54000091552734,242.20250034332275
2024-09-16,45.529998779296875,364.8699951171875,473.19000244140625,80.70999908447266,45.935001373291016,366.0,473.8599853515625,81.30000305175781,44.970001220703125,363.1300048828125,469.8900146484375,79.93000030517578,45.689998626708984,365.6300048828125,473.239990234375,81.20999908447266,241.07499885559082,241.77374744415283,239.48000526428223,241.44249820709229
2024-09-17,46.18000030517578,367.94000244140625,476.2900085449219,82.1500015258789,46.7400016784668,369.010009765625,477.6000061035156,82.79000091552734,45.875,364.2900085449219,470.9700012207031,80.27999877929688,46.060001373291016,366.0199890136719,473.489990234375,81.27999877929688,243.1400032043457,244.0350046157837,240.35375213623047,241.7124948501587
2024-09-18,46.130001068115234,367.4800109863281,474.70001220703125,81.52999877929688,47.650001525878906,370.1300048828125,478.8299865722656,83.66999816894531,45.90999984741211,364.5,470.8299865722656,80.27999877929688,46.18000030517578,364.760009765625,471.44000244140625,80.5,242.46000576019287,245.0699977874756,240.37999629974365,240.72000312805176
2024-09-19,47.689998626708984,372.7099914550781,482.6099853515625,84.62999725341797,48.11000061035156,374.8299865722656,486.2300109863281,85.41999816894531,47.15999984741211,371.4100036621094,480.489990234375,83.37999725341797,47.41999816894531,373.3500061035156,483.3599853515625,84.58999633789062,246.9099931716919,248.64749908447266,245.6099977493286,247.17999649047852
2024-09-20,47.099998474121094,373.0299987792969,482.489990234375,83.94999694824219,47.220001220703125,374.239990234375,483.69000244140625,84.55999755859375,46.310001373291016,370.6499938964844,478.29998779296875,82.7300033569336,46.900001525878906,373.0299987792969,482.44000244140625,84.0199966430664,246.6424961090088,247.42749786376953,244.49749660491943,246.5974998474121
2024-09-23,47.095001220703125,373.57000732421875,482.95001220703125,84.55000305175781,47.36000061035156,374.25,484.1400146484375,84.98999786376953,46.86000061035156,372.510009765625,481.6000061035156,84.01000213623047,46.939998626708984,373.44000244140625,483.0400085449219,84.66999816894531,247.04125595092773,247.68500328063965,246.24500465393066,247.0225019454956
2024-09-24,47.2400016784668,374.4599914550781,484.4599914550781,85.0199966430664,47.540000915527344,375.3299865722656,486.3299865722656,85.41999816894531,46.529998779296875,370.7699890136719,480.1700134277344,83.75,47.45000076293945,374.92999267578125,485.3699951171875,85.38999938964844,247.79499530792236,248.65499305725098,245.30500030517578,248.28499698638916
2024-09-25,47.349998474121094,374.1400146484375,484.739990234375,85.08999633789062,47.56999969482422,376.25,487.7900085449219,85.41000366210938,46.790000915527344,374.1199951171875,484.55999755859375,84.06999969482422,46.86000061035156,374.9200134277344,485.82000732421875,84.55000305175781,247.82999992370605,249.25500297546387,247.3849983215332,248.03750610351562
2024-09-26,47.54999923706055,378.9599914550781,493.3699951171875,86.51000213623047,47.650001525878906,379.0199890136719,493.70001220703125,86.62999725341797,46.470001220703125,373.510009765625,485.79998779296875,84.48999786376953,47.27000045776367,375.6099853515625,489.4700012207031,85.56999969482422,251.59749698638916,251.75,247.5674991607666,249.47999668121338
2024-09-27,47.619998931884766,376.25,490.5,85.9800033569336,48.06999969482422,376.25,490.6400146484375,86.3499984741211,47.40999984741211,372.760009765625,485.55999755859375,84.66000366210938,47.880001068115234,373.6300048828125,486.75,85.08999633789062,250.0875005722046,250.3275032043457,247.59750270843506,248.3375005722046
2024-09-30,47.599998474121094,372.80999755859375,485.7799987792969,84.61000061035156,48.060001373291016,375.6600036621094,488.4100036621094,86.37000274658203,47.02000045776367,371.3500061035156,482.9200134277344,83.58000183105469,47.529998779296875,375.3800048828125,488.07000732421875,86.19000244140625,247.69999885559082,249.62500286102295,246.2175054550171,249.2925033569336
2024-10-01,47.65999984741211,375.239990234375,487.70001220703125,85.91000366210938,47.7599983215332,375.239990234375,488.0,85.93000030517578,45.665000915527344,367.8800048828125,477.3999938964844,82.58000183105469,46.18000030517578,370.239990234375,481.2699890136719,83.80000305175781,249.12750148773193,249.232497215271,243.38125038146973,245.37249565124512
2024-10-02,45.75,369.2300109863281,480.3599853515625,83.33000183105469,46.150001525878906,371.57000732421875,483.8800048828125,84.30000305175781,45.459999084472656,367.30999755859375,477.7200012207031,82.25,45.869998931884766,370.5199890136719,481.95001220703125,83.80999755859375,244.66749954223633,246.475004196167,243.18499946594238,245.5374994277954
2024-10-03,45.400001525878906,369.260009765625,479.739990234375,83.16999816894531,46.0099983215332,372.5299987792969,484.54998779296875,84.2300033569336,45.1150016784668,368.79998779296875,478.989990234375,82.33000183105469,45.38999938964844,370.7099914550781,481.5899963378906,83.33999633789062,244.39249992370605,246.8299970626831,243.8087453842163,245.25749588012695
2024-10-04,46.2599983215332,374.3999938964844,487.45001220703125,85.2699966430664,46.54999923706055,375.0299987792969,487.8800048828125,85.70999908447266,45.64500045776367,370.989990234375,482.3900146484375,83.43000030517578,46.54999923706055,374.75,487.32000732421875,85.5199966430664,248.3450002670288,248.79250049591064,245.613751411438,248.53500080108643
2024-10-07,46.31999969482422,373.3699951171875,485.3900146484375,84.7699966430664,46.5099983215332,374.29998779296875,486.57000732421875,85.05999755859375,45.68000030517578,370.0400085449219,480.8699951171875,82.66999816894531,45.90999984741211,370.69000244140625,482.1000061035156,83.22000122070312,247.4625015258789,248.1099977493286,244.81500053405762,245.48000240325928
2024-10-08,45.63999938964844,373.0,484.6600036621094,84.30000305175781,46.66999816894531,377.04998779296875,489.989990234375,85.77999877929688,45.61000061035156,372.69000244140625,483.8500061035156,83.93000030517578,46.63999938964844,376.70001220703125,489.29998779296875,85.52999877929688,246.9000015258789,249.87249374389648,246.5200023651123,249.54249954223633
2024-10-09,46.619998931884766,376.75,489.0,85.5,46.95000076293945,379.6000061035156,493.7300109863281,87.54000091552734,46.36000061035156,375.8699951171875,487.95001220703125,85.23999786376953,46.650001525878906,379.3299865722656,493.1499938964844,87.2699966430664,249.4674997329712,251.95500469207764,248.85500144958496,251.59999465942383
2024-10-10,45.970001220703125,377.6199951171875,490.8500061035156,86.66000366210938,46.47999954223633,380.3500061035156,494.4700012207031,87.44000244140625,45.45000076293945,376.8299865722656,489.5299987792969,86.05000305175781,46.16999816894531,379.260009765625,492.5899963378906,86.79000091552734,250.2750015258789,252.18500232696533,249.46499729156494,251.20250129699707
2024-10-11,45.540000915527344,378.3699951171875,490.739990234375,86.6500015258789,46.790000915527344,380.7699890136719,494.3900146484375,88.56999969482422,45.5099983215332,377.80999755859375,490.1700134277344,86.5999984741211,46.63999938964844,380.010009765625,493.3599853515625,88.22000122070312,250.3249969482422,252.63000106811523,250.0225019454956,252.05749893188477
2024-10-14,46.90999984741211,381.70001220703125,495.7699890136719,88.98999786376953,47.44499969482422,384.4700012207031,498.8299865722656,90.81999969482422,46.349998474121094,381.70001220703125,495.260009765625,88.83000183105469,47.369998931884766,383.57000732421875,497.5,90.38999938964844,253.3424997329712,255.3912467956543,253.035005569458,254.707501411438
2024-10-15,47.290000915527344,384.3800048828125,497.8299865722656,90.5,47.779998779296875,384.6600036621094,498.5,90.6500015258789,46.47999954223633,378.4700012207031,488.67999267578125,87.70999908447266,47.290000915527344,379.9100036621094,490.8500061035156,88.29000091552734,254.99999809265137,255.3975009918213,250.33499813079834,251.58500289916992
2024-10-16,47.560001373291016,379.739990234375,491.17999267578125,88.23999786376953,47.849998474121094,380.7300109863281,491.69000244140625,89.62000274658203,47.09000015258789,377.07000732421875,487.57000732421875,87.87999725341797,47.689998626708984,380.25,490.9100036621094,89.37000274658203,251.6799955368042,252.47250366210938,249.90250301361084,252.0550012588501
2024-10-17,47.70000076293945,384.010009765625,496.44000244140625,91.04000091552734,47.77000045776367,384.44000244140625,496.489990234375,91.12000274658203,46.90999984741211,380.6300048828125,491.19000244140625,89.30999755859375,47.040000915527344,380.75,491.25,89.38999938964844,254.7975034713745,254.95499897003174,252.01000118255615,252.10750007629395
2024-10-18,47.380001068115234,383.20001220703125,494.05999755859375,90.11000061035156,48.040000915527344,383.6499938964844,495.57000732421875,90.69999694824219,47.30500030517578,382.1099853515625,493.29998779296875,89.41999816894531,48.029998779296875,382.82000732421875,494.4700012207031,90.30999755859375,253.68750286102295,254.48999977111816,253.0337429046631,253.90750122070312
2024-10-21,47.7400016784668,381.9700012207031,493.25,89.9800033569336,47.775001525878906,384.30999755859375,496.2300109863281,90.41999816894531,46.959999084472656,381.0,491.30999755859375,88.45999908447266,47.380001068115234,384.17999267578125,495.4200134277344,89.87999725341797,253.23500156402588,254.68375205993652,251.93249893188477,254.2150011062622
2024-10-22,47.060001373291016,382.1099853515625,492.7300109863281,88.62999725341797,47.279998779296875,385.6700134277344,497.45001220703125,90.20999908447266,46.81999969482422,381.4100036621094,491.9700012207031,88.33000183105469,47.150001525878906,384.5199890136719,495.9599914550781,89.69000244140625,252.6324987411499,255.1525058746338,252.13250160217285,254.3299961090088
2024-10-23,46.86000061035156,383.0299987792969,493.5899963378906,88.69000244140625,47.08000183105469,383.2900085449219,494.25,88.9000015258789,45.345001220703125,376.0899963378906,485.04998779296875,85.52999877929688,45.7599983215332,378.6600036621094,488.3599853515625,87.16999816894531,253.04249954223633,253.38000297546387,248.00374603271484,249.9874963760376
2024-10-24,46.93000030517578,380.6600036621094,492.1099853515625,88.08999633789062,47.41999816894531,381.6099853515625,493.0,88.0999984741211,46.689998626708984,378.9700012207031,489.44000244140625,86.54000091552734,47.380001068115234,381.239990234375,492.32000732421875,87.70999908447266,251.94749641418457,252.53249549865723,250.41000080108643,252.1624994277954
2024-10-25,47.5,382.67999267578125,495.1400146484375,88.69000244140625,48.20500183105469,386.25,500.2799987792969,90.0199966430664,47.41999816894531,382.32000732421875,494.42999267578125,87.12000274658203,47.66999816894531,382.7699890136719,495.32000732421875,87.54000091552734,253.50250244140625,256.1887493133545,252.82250022888184,253.32499885559082
2024-10-28,48.150001525878906,385.9700012207031,498.4599914550781,89.12000274658203,48.875999450683594,386.45001220703125,498.5199890136719,89.13999938964844,48.09000015258789,383.3699951171875,495.1000061035156,88.19999694824219,48.400001525878906,383.6499938964844,495.3999938964844,88.33000183105469,255.42499923706055,255.7465000152588,253.6899995803833,253.9449977874756
2024-10-29,48.400001525878906,383.6700134277344,495.7200012207031,87.86000061035156,48.52000045776367,387.6199951171875,501.3500061035156,89.26000213623047,47.88999938964844,382.6400146484375,493.8500061035156,87.20999908447266,48.40999984741211,386.8500061035156,500.1600036621094,88.70999908447266,253.912504196167,256.6875009536743,252.89750480651855,256.03250217437744
2024-10-30,48.029998779296875,386.5299987792969,499.3900146484375,88.51000213623047,48.915000915527344,388.0299987792969,500.3500061035156,89.41999816894531,47.959999084472656,384.17999267578125,495.8900146484375,87.56999969482422,48.22999954223633,385.1199951171875,496.3800048828125,87.9000015258789,255.61500358581543,256.6787509918213,253.9000015258789,254.4075002670288
2024-10-31,47.56999969482422,380.9700012207031,492.3800048828125,85.86000061035156,47.70500183105469,380.9700012207031,492.42999267578125,85.88999938964844,45.709999084472656,373.8900146484375,483.75,82.62000274658203,45.88999938964844,373.9599914550781,483.8500061035156,82.66000366210938,251.69500160217285,251.74874877929688,246.49250411987305,246.5900001525879
2024-11-01,46.060001373291016,375.94000244140625,485.5,83.80000305175781,46.75899887084961,379.6600036621094,490.75,85.63999938964844,46.02000045776367,375.7200012207031,485.20001220703125,83.48999786376953,46.63999938964844,376.80999755859375,487.42999267578125,83.66000366210938,247.82500171661377,250.70225048065186,247.6075029373169,248.6349983215332
2024-11-04,46.27000045776367,376.489990234375,486.82000732421875,83.70999908447266,47.150001525878906,377.9700012207031,489.3800048828125,84.29000091552734,45.970001220703125,374.6099853515625,484.25,82.2699966430664,46.68000030517578,375.57000732421875,486.010009765625,83.08999633789062,248.32249927520752,249.69750213623047,246.774995803833,247.83750343322754
2024-11-05,46.88999938964844,376.5899963378906,487.6099853515625,83.5199966430664,48.3849983215332,381.1700134277344,492.8800048828125,86.0999984741211,46.810001373291016,376.5899963378906,487.5199890136719,83.41000366210938,48.189998626708984,380.79998779296875,492.2099914550781,86.08999633789062,248.652494430542,252.1337537765503,248.58249759674072,251.82249355316162
2024-11-06,50.779998779296875,387.4800109863281,500.55999755859375,91.66999816894531,52.18000030517578,390.9200134277344,506.4100036621094,92.88999938964844,50.119998931884766,386.0199890136719,499.6000061035156,89.97000122070312,52.13999938964844,390.6300048828125,505.5799865722656,92.5,257.622501373291,260.600004196167,256.42749881744385,260.21249771118164
2024-11-07,52.220001220703125,392.94000244140625,508.3999938964844,93.44000244140625,53.02000045776367,397.6700134277344,514.3300170898438,95.08000183105469,52.209999084472656,392.8800048828125,508.3399963378906,93.37999725341797,52.689998626708984,397.32000732421875,513.5399780273438,94.58000183105469,261.75,265.0250082015991,261.70249938964844,264.53249645233154
2024-11-08,52.25,397.1199951171875,513.0399780273438,94.76000213623047,54.150001525878906,399.5299987792969,514.9199829101562,96.4000015258789,52.130001068115234,397.0899963378906,512.4099731445312,94.76000213623047,54.06999969482422,398.6300048828125,514.1400146484375,95.77999877929688,264.29249382019043,266.24999618530273,264.0974931716919,265.6550045013428
2024-11-11,55.97999954223633,399.6300048828125,515.3699951171875,96.52999877929688,58.380001068115234,399.9800109863281,515.5800170898438,96.66000366210938,55.779998779296875,396.510009765625,510.9200134277344,95.1500015258789,57.849998474121094,398.4800109863281,513.8400268554688,95.9800033569336,266.8774995803833,267.6500082015991,264.5900058746338,266.5375099182129
2024-11-12,57.189998626708984,398.55999755859375,513.77001953125,95.93000030517578,58.220001220703125,399.6400146484375,514.6599731445312,96.20999908447266,56.369998931884766,396.45001220703125,509.8299865722656,93.83999633789062,56.810001373291016,398.7900085449219,512.9099731445312,95.05000305175781,266.36250400543213,267.18249702453613,264.12249851226807,265.8899965286255
2024-11-13,57.349998474121094,398.80999755859375,512.4000244140625,95.23999786376953,58.349998474121094,400.8500061035156,514.97998046875,96.1500015258789,55.48500061035156,397.05999755859375,509.95001220703125,94.11000061035156,55.84000015258789,398.3699951171875,512.25,95.16999816894531,265.9500045776367,267.5824966430664,264.15125274658203,265.4074983596802
2024-11-14,55.95000076293945,398.44000244140625,511.9100036621094,95.19999694824219,56.0,398.7699890136719,512.7899780273438,95.44000244140625,53.79999923706055,395.19000244140625,507.7699890136719,92.97000122070312,53.849998474121094,395.79998779296875,508.69000244140625,93.30000305175781,265.3750009536743,265.74999237060547,262.43249797821045,262.9099979400635
2024-11-15,53.849998474121094,392.2300109863281,502.94000244140625,91.52999877929688,53.849998474121094,392.2900085449219,503.3299865722656,91.73999786376953,52.77000045776367,385.8999938964844,494.489990234375,88.7300033569336,53.459999084472656,387.54998779296875,496.57000732421875,89.62000274658203,260.1375026702881,260.30249786376953,255.47249698638916,256.79999923706055
2024-11-18,54.52000045776367,388.1300048828125,498.1300048828125,89.83000183105469,55.279998779296875,390.5199890136719,502.1400146484375,91.31999969482422,53.689998626708984,386.6600036621094,496.7300109863281,89.41000366210938,55.11000061035156,389.05999755859375,500.0199890136719,90.70999908447266,257.65250301361084,259.8150005340576,256.62250423431396,258.72499656677246
2024-11-19,54.5099983215332,387.0899963378906,497.4200134277344,89.08000183105469,55.93000030517578,393.57000732421875,503.95001220703125,92.01000213623047,54.33000183105469,387.0299987792969,497.0799865722656,88.77999877929688,55.91999816894531,393.3999938964844,503.4599914550781,91.69999694824219,257.0250024795532,261.36500549316406,256.8049964904785,261.1199951171875
2024-11-20,55.86000061035156,393.5899963378906,503.1600036621094,91.69999694824219,56.185001373291016,393.5899963378906,503.4800109863281,91.86000061035156,54.4900016784668,388.0299987792969,496.55999755859375,88.98999786376953,55.279998779296875,392.760009765625,503.1700134277344,91.75,261.07749938964844,261.27875232696533,257.01749897003174,260.74000549316406
2024-11-21,55.77000045776367,395.2799987792969,506.239990234375,93.06999969482422,55.77000045776367,395.92999267578125,506.9599914550781,93.8499984741211,54.040000915527344,388.4100036621094,497.55999755859375,90.29000091552734,54.77000045776367,393.7200012207031,504.9800109863281,93.16999816894531,262.58999729156494,263.12749576568604,257.57500076293945,261.66000270843506
2024-11-22,54.79999923706055,393.30999755859375,504.4200134277344,93.0999984741211,56.52000045776367,394.7900085449219,506.5299987792969,94.26000213623047,54.52000045776367,392.1499938964844,502.7799987792969,92.87000274658203,56.209999084472656,394.1199951171875,505.7900085449219,93.94000244140625,261.40750217437744,263.0250024795532,260.57999897003174,262.51500129699707
2024-11-25,57.45000076293945,396.7300109863281,509.8999938964844,95.83000183105469,58.08599853515625,397.989990234375,511.45001220703125,96.47000122070312,56.619998931884766,392.57000732421875,504.260009765625,93.7699966430664,57.029998779296875,394.30999755859375,506.5899963378906,94.86000061035156,264.97750186920166,265.9990005493164,261.80500316619873,263.1974983215332
2024-11-26,56.529998779296875,396.010009765625,508.0799865722656,95.44999694824219,56.959999084472656,398.3500061035156,510.1400146484375,96.66999816894531,55.97999954223633,395.989990234375,507.2300109863281,95.13999938964844,56.20000076293945,397.9700012207031,509.30999755859375,96.37999725341797,264.0174980163574,265.5300045013428,263.585000038147,264.9649991989136
2024-11-27,56.849998474121094,396.9800109863281,508.1700134277344,96.20999908447266,57.41999816894531,397.010009765625,508.239990234375,96.37000274658203,56.25,392.94000244140625,501.92999267578125,94.66000366210938,57.150001525878906,395.3399963378906,505.29998779296875,95.38999938964844,264.55250549316406,264.76000022888184,261.4449996948242,263.2949962615967
2024-11-29,57.599998474121094,395.9100036621094,505.92999267578125,95.69000244140625,58.349998474121094,399.0799865722656,510.3399963378906,97.47000122070312,57.54999923706055,395.2200012207031,505.30999755859375,95.58999633789062,57.97999954223633,398.3800048828125,509.739990234375,97.05000305175781,263.7824993133545,266.3099956512451,263.417498588562,265.7874994277954
2024-12-02,58.63999938964844,399.2699890136719,511.010009765625,97.27999877929688,59.630001068115234,402.5799865722656,516.260009765625,97.91000366210938,58.560001373291016,399.20001220703125,510.6199951171875,97.02999877929688,59.470001220703125,401.8399963378906,515.2899780273438,97.62000274658203,266.54999923706055,269.0950002670288,266.35250186920166,268.5549945831299
2024-12-03,58.7599983215332,401.3800048828125,513.9500122070312,97.4800033569336,59.27000045776367,404.4800109863281,517.1500244140625,97.80999755859375,58.459999084472656,400.82000732421875,513.3699951171875,96.94999694824219,58.9900016784668,404.20001220703125,516.8699951171875,97.66999816894531,267.89250469207764,269.677508354187,267.3999996185303,269.4325017929077
2024-12-04,59.720001220703125,407.0400085449219,520.3200073242188,98.48999786376953,60.86000061035156,410.1499938964844,523.52001953125,99.58000183105469,59.279998779296875,406.6700134277344,519.5999755859375,98.18000030517578,60.83000183105469,409.94000244140625,523.260009765625,99.44000244140625,271.3925037384033,273.52750396728516,270.93249702453613,273.36750411987305
2024-12-05,61.22999954223633,410.20001220703125,523.3099975585938,99.44000244140625,61.4900016784668,411.2799987792969,524.0399780273438,99.86000061035156,60.29499816894531,409.3399963378906,521.4199829101562,98.79000091552734,60.380001068115234,409.69000244140625,521.8099975585938,98.95999908447266,273.5450029373169,274.16749477386475,272.4612445831299,272.710000038147
2024-12-06,61.29999923706055,410.3699951171875,522.47998046875,99.25,62.91999816894531,413.0400085449219,526.719970703125,100.05999755859375,61.09000015258789,410.0,522.3499755859375,99.05000305175781,62.900001525878906,412.7799987792969,526.47998046875,99.4800033569336,273.3499937057495,275.6849937438965,273.1224946975708,275.40999603271484
2024-12-09,63.43000030517578,412.0,525.5499877929688,99.33999633789062,63.439998626708984,412.55999755859375,526.3499755859375,99.43000030517578,60.779998779296875,408.7699890136719,521.219970703125,97.56999969482422,61.310001373291016,410.0899963378906,522.3800048828125,97.86000061035156,275.0799961090088,275.444993019104,272.0849895477295,272.9100008010864
2024-12-10,61.4900016784668,410.94000244140625,523.6199951171875,98.16000366210938,62.369998931884766,413.1600036621094,525.3800048828125,98.33999633789062,60.38999938964844,407.8500061035156,519.1599731445312,96.5999984741211,60.59000015258789,408.9800109863281,520.5999755859375,96.94000244140625,273.5525007247925,274.8125009536743,270.9999942779541,271.77749729156494
2024-12-11,61.56999969482422,411.70001220703125,525.0,98.31999969482422,61.974998474121094,416.260009765625,530.6099853515625,99.61000061035156,60.84000015258789,411.70001220703125,524.5900268554688,98.18000030517578,61.810001373291016,415.8399963378906,529.9199829101562,99.18000030517578,274.1475028991699,277.11374855041504,273.8275098800659,276.6874952316284
2024-12-12,61.4010009765625,414.3999938964844,527.6799926757812,98.68000030517578,61.974998474121094,415.4800109863281,528.9600219726562,98.94999694824219,60.720001220703125,413.1300048828125,526.02001953125,97.58000183105469,60.91999816894531,413.2699890136719,526.5,97.5999984741211,275.540246963501,276.3412570953369,274.3625068664551,274.57249641418457
2024-12-13,61.11000061035156,415.6099853515625,530.4600219726562,98.47000122070312,61.36000061035156,416.9599914550781,533.1699829101562,98.8499984741211,60.20000076293945,412.0400085449219,527.2999877929688,96.75,61.33000183105469,414.0400085449219,530.530029296875,97.45999908447266,276.41250228881836,277.58499336242676,274.0724992752075,275.84000968933105
2024-12-16,61.709999084472656,416.0,533.0800170898438,98.23999786376953,63.13999938964844,419.5299987792969,539.1500244140625,99.12000274658203,61.47999954223633,415.2300109863281,533.0,97.88999938964844,62.939998626708984,418.94000244140625,538.1699829101562,98.62999725341797,277.2575035095215,280.23500633239746,276.9000024795532,279.66999530792236
2024-12-17,62.790000915527344,416.70001220703125,536.3599853515625,97.3499984741211,63.31999969482422,418.0799865722656,537.47998046875,97.80999755859375,61.81999969482422,414.9100036621094,534.1300048828125,96.70999908447266,62.97999954223633,417.0799865722656,535.7999877929688,97.37000274658203,278.29999923706055,279.1724910736084,276.8925018310547,278.3074941635132
2024-12-18,62.630001068115234,416.9599914550781,535.1500244140625,97.20999908447266,63.029998779296875,418.69000244140625,536.8800048828125,98.4000015258789,57.900001525878906,401.9100036621094,515.010009765625,88.43000030517578,58.560001373291016,402.94000244140625,516.469970703125,88.73999786376953,277.98750400543213,279.25000190734863,265.81250381469727,266.67749309539795
2024-12-19,59.75,407.5199890136719,521.1900024414062,90.9000015258789,60.029998779296875,407.8800048828125,521.760009765625,91.6500015258789,57.46500015258789,402.7799987792969,513.8300170898438,88.43000030517578,58.16999816894531,402.9800109863281,514.1699829101562,88.54000091552734,269.83999824523926,270.3300037384033,265.6262540817261,265.96499824523926
2024-12-20,57.06999969482422,400.5199890136719,510.44000244140625,87.3499984741211,60.02000045776367,411.4800109863281,524.8200073242188,93.69999694824219,56.86000061035156,399.30999755859375,509.2900085449219,86.9800033569336,59.400001525878906,407.3299865722656,518.6599731445312,91.4800033569336,263.84499740600586,272.5050039291382,263.1100025177002,269.21749114990234
2024-12-23,59.52000045776367,408.45001220703125,519.5499877929688,91.22000122070312,59.68000030517578,411.6700134277344,523.25,93.26000213623047,58.165000915527344,405.6499938964844,516.1300048828125,89.7300033569336,59.2400016784668,411.45001220703125,522.8699951171875,93.01000213623047,269.6850004196167,271.96500396728516,267.41875076293945,271.642502784729
2024-12-24,59.630001068115234,412.3900146484375,524.8300170898438,93.55000305175781,60.9900016784668,416.739990234375,530.0499877929688,96.0199966430664,59.439998626708984,412.2699890136719,524.1900024414062,93.27999877929688,60.959999084472656,416.739990234375,529.9600219726562,95.9800033569336,272.6000089645386,275.94999408721924,272.294997215271,275.9100036621094
2024-12-26,60.720001220703125,415.6199951171875,528.3200073242188,95.11000061035156,61.1349983215332,417.2799987792969,531.239990234375,96.54000091552734,60.040000915527344,413.6099853515625,526.3099975585938,94.45999908447266,60.959999084472656,416.1199951171875,529.5999755859375,95.97000122070312,274.94250106811523,276.5487470626831,273.60499572753906,275.6624927520752
2024-12-27,60.540000915527344,413.5299987792969,526.010009765625,94.08000183105469,60.599998474121094,413.6600036621094,526.4500122070312,94.20999908447266,58.439998626708984,406.4599914550781,517.8599853515625,90.8499984741211,59.27000045776367,410.0899963378906,522.5599975585938,92.91000366210938,273.540002822876,273.7300033569336,268.4024934768677,271.20749950408936
2024-12-30,58.0099983215332,404.07000732421875,515.510009765625,89.5,58.22999954223633,408.1600036621094,519.3599853515625,91.30999755859375,56.900001525878906,402.260009765625,511.8299865722656,87.88999938964844,57.61000061035156,405.20001220703125,515.6099853515625,89.66000366210938,266.77250385284424,269.2649965286255,264.7199993133545,267.0200004577637
2024-12-31,58.040000915527344,406.2900085449219,516.9000244140625,90.38999938964844,58.16999816894531,406.6099853515625,517.6599731445312,90.70999908447266,56.474998474121094,400.82000732421875,510.260009765625,87.88999938964844,56.77000045776367,401.5799865722656,511.2300109863281,88.63999938964844,267.90500831604004,268.28748893737793,263.8612537384033,264.55499935150146
2025-01-02,57.099998474121094,403.2099914550781,514.2999877929688,90.06999969482422,57.630001068115234,405.7099914550781,516.6400146484375,90.88999938964844,55.939998626708984,396.9599914550781,505.7099914550781,86.08999633789062,56.88999938964844,400.6700134277344,510.2300109863281,87.9000015258789,266.16999435424805,267.7175016403198,261.17499446868896,263.92250633239746
2025-01-03,57.33000183105469,403.0,513.3499755859375,89.19999694824219,59.83000183105469,407.7099914550781,519.6500244140625,91.44999694824219,57.33000183105469,402.6000061035156,512.530029296875,88.69000244140625,59.81999969482422,407.2099914550781,518.5800170898438,91.12000274658203,265.7199935913086,269.6600036621094,265.2875099182129,269.18250274658203
2025-01-06,60.720001220703125,411.5199890136719,524.02001953125,93.0999984741211,61.834999084472656,414.6700134277344,527.9199829101562,94.72000122070312,60.619998931884766,410.0799865722656,522.030029296875,91.88999938964844,61.150001525878906,411.9599914550781,524.5399780273438,92.69999694824219,272.3400020599365,274.7862491607666,271.15500354766846,272.58749198913574
2025-01-07,61.5,413.0400085449219,525.5900268554688,93.66000366210938,61.9900016784668,413.3800048828125,525.989990234375,93.79000091552734,58.3849983215332,402.54998779296875,513.280029296875,88.66000366210938,58.900001525878906,403.7900085449219,515.1799926757812,89.5999984741211,273.447509765625,273.7874994277954,265.7187547683716,266.8675003051758
2025-01-08,58.70000076293945,404.6400146484375,515.0800170898438,89.5199966430664,59.459999084472656,405.8999938964844,516.9199829101562,90.36000061035156,57.689998626708984,400.9700012207031,510.57000732421875,87.91000366210938,58.95000076293945,404.3800048828125,515.27001953125,89.83999633789062,266.9850072860718,268.1599941253662,264.28500270843506,267.11000537872314
2025-01-10,57.72999954223633,401.69000244140625,511.4800109863281,88.13999938964844,58.029998779296875,401.8500061035156,511.5799865722656,88.16999816894531,56.290000915527344,395.32000732421875,503.9200134277344,84.79000091552734,57.470001220703125,398.1499938964844,507.19000244140625,85.69999694824219,264.7600030899048,264.90749740600586,260.08000564575195,262.127498626709
2025-01-13,56.029998779296875,392.8800048828125,501.20001220703125,83.55999755859375,56.709999084472656,397.010009765625,506.0199890136719,86.20999908447266,55.25,391.79998779296875,499.70001220703125,83.36000061035156,56.70000076293945,396.6700134277344,505.55999755859375,86.11000061035156,258.4175033569336,261.48749923706055,257.5275001525879,261.2600030899048
2025-01-14,57.84000015258789,399.4800109863281,508.739990234375,87.3499984741211,58.2599983215332,399.9100036621094,510.1600036621094,87.62999725341797,56.11000061035156,392.8999938964844,501.5899963378906,84.69999694824219,56.40999984741211,395.29998779296875,505.0799865722656,86.36000061035156,263.352499961853,263.9900007247925,258.8249969482422,260.7874937057495
2025-01-15,58.470001220703125,401.2099914550781,513.030029296875,89.98999786376953,59.4900016784668,405.5899963378906,517.8499755859375,91.58000183105469,58.08000183105469,400.1700134277344,511.4599914550781,89.47000122070312,58.66999816894531,404.8999938964844,516.7000122070312,91.06999969482422,265.67500495910645,268.6274938583374,264.7950019836426,267.8350009918213
2025-01-16,58.77000045776367,406.6199951171875,518.97998046875,91.68000030517578,59.220001220703125,406.6199951171875,519.0599975585938,91.76000213623047,58.0099983215332,401.82000732421875,512.9500122070312,90.19000244140625,58.7400016784668,402.04998779296875,513.0800170898438,90.55000305175781,269.01249408721924,269.1649990081787,265.74250507354736,266.1050024032593
2025-01-17,59.86000061035156,408.1499938964844,522.8499755859375,92.83000183105469,60.32500076293945,408.739990234375,524.0700073242188,93.94000244140625,59.41999816894531,405.260009765625,513.1099853515625,92.2300033569336,59.61000061035156,406.9800109863281,521.739990234375,93.0999984741211,270.92249298095703,271.76875019073486,267.5049991607666,270.35750007629395
2025-01-21,60.70000076293945,408.79998779296875,524.47998046875,94.56999969482422,61.7599983215332,410.17999267578125,525.969970703125,95.62000274658203,59.63999938964844,405.6099853515625,520.0599975585938,93.62000274658203,61.5,409.760009765625,524.7999877929688,95.52999877929688,272.1374921798706,273.38249111175537,269.7324962615967,272.89749908447266
2025-01-22,61.72999954223633,413.5400085449219,529.5700073242188,97.0,62.40999984741211,416.9599914550781,533.8200073242188,97.88999938964844,61.5099983215332,413.4200134277344,529.260009765625,96.7699966430664,62.060001373291016,415.6099853515625,531.510009765625,97.18000030517578,275.46000385284424,277.76999950408936,275.24000453948975,276.5899991989136
2025-01-23,61.5,413.8699951171875,529.0399780273438,96.88999938964844,62.76499938964844,417.489990234375,532.760009765625,98.77999877929688,61.02000045776367,413.739990234375,528.4500122070312,96.76000213623047,62.689998626708984,417.260009765625,532.6400146484375,98.7699966430664,275.3249931335449,277.9487495422363,274.9925012588501,277.8400049209595
2025-01-24,62.900001525878906,418.2799987792969,533.02001953125,98.76000213623047,63.61000061035156,419.0,533.7899780273438,99.22000122070312,62.21500015258789,414.3299865722656,528.1500244140625,97.29000091552734,62.33000183105469,415.489990234375,529.6300048828125,97.83999633789062,278.24000549316406,278.9049949645996,275.49625301361084,276.3224983215332
2025-01-27,59.91999816894531,400.5899963378906,511.0,91.45999908447266,61.59000015258789,406.54998779296875,517.989990234375,93.81999969482422,59.5,400.0799865722656,510.1499938964844,91.36000061035156,60.70000076293945,403.6499938964844,514.2100219726562,93.66999816894531,265.74249839782715,269.98749446868896,265.2724952697754,268.05750370025635
2025-01-28,60.86000061035156,405.1000061035156,515.219970703125,94.22000122070312,62.2400016784668,413.1600036621094,523.0,96.44999694824219,59.88999938964844,402.7799987792969,511.7799987792969,92.6500015258789,61.93000030517578,412.5,521.8099975585938,96.01000213623047,268.8499946594238,273.7125005722046,266.7749996185303,273.0625
2025-01-29,61.86000061035156,411.1199951171875,522.4600219726562,95.62999725341797,62.31999969482422,411.20001220703125,522.5900268554688,95.83000183105469,60.869998931884766,406.6400146484375,516.9000244140625,93.48999786376953,61.86000061035156,409.55999755859375,520.8300170898438,94.69000244140625,272.7675037384033,272.9850101470947,269.4750089645386,271.7350044250488
2025-01-30,62.619998931884766,410.1199951171875,523.7100219726562,95.7300033569336,64.0250015258789,412.54998779296875,526.0999755859375,96.94999694824219,62.540000915527344,406.2699890136719,518.2100219726562,94.18000030517578,63.5099983215332,410.7300109863281,523.0499877929688,96.19999694824219,273.0450048446655,274.90624046325684,270.3000030517578,273.37249851226807
2025-01-31,63.79999923706055,414.05999755859375,526.9199829101562,97.30000305175781,64.7249984741211,416.4599914550781,531.52001953125,98.4800033569336,62.45000076293945,408.3900146484375,521.1900024414062,94.20999908447266,62.869998931884766,409.30999755859375,522.2899780273438,94.56999969482422,275.5199956893921,277.7962532043457,271.56000423431396,272.2599935531616
2025-02-03,60.2400016784668,401.2699890136719,513.469970703125,90.27999877929688,62.19900131225586,407.5199890136719,520.8499755859375,93.81999969482422,60.15999984741211,399.79998779296875,511.04998779296875,89.22000122070312,61.779998779296875,405.0400085449219,518.1099853515625,92.61000061035156,266.31499004364014,271.09724140167236,265.0574941635132,269.3849983215332
2025-02-04,62.72999954223633,405.7300109863281,518.6300048828125,92.61000061035156,63.599998474121094,410.30999755859375,525.1099853515625,94.7300033569336,62.334999084472656,405.5199890136719,518.22998046875,92.4000015258789,63.119998931884766,410.30999755859375,524.469970703125,94.4800033569336,269.92500400543213,273.43749618530273,269.62124252319336,273.0949926376343
2025-02-05,63.099998474121094,407.7200012207031,521.8200073242188,93.93000030517578,64.08999633789062,410.69000244140625,527.010009765625,95.66999816894531,63.0,406.55999755859375,520.6199951171875,92.94999694824219,63.810001373291016,410.5,526.8499755859375,95.58000183105469,271.6425018310547,274.3650016784668,270.78249740600586,274.1849946975708
2025-02-06,63.099998474121094,411.010009765625,527.3599853515625,96.4000015258789,63.31999969482422,413.1400146484375,529.8099975585938,96.62999725341797,62.099998474121094,410.1600036621094,525.739990234375,94.81999969482422,62.720001220703125,412.8800048828125,529.5999755859375,96.56999969482422,274.4674987792969,275.72500228881836,273.2049980163574,275.44249534606934
2025-02-07,62.97999954223633,412.8999938964844,530.1400146484375,96.7699966430664,64.05999755859375,414.8800048828125,532.0999755859375,97.3499984741211,62.349998474121094,407.54998779296875,522.1900024414062,93.48999786376953,62.7599983215332,408.1099853515625,522.9199829101562,93.83999633789062,275.69750118255615,277.0974941253662,271.3949966430664,271.90749073028564
2025-02-10,63.15999984741211,410.9800109863281,527.219970703125,95.33000183105469,63.487998962402344,413.32000732421875,530.3599853515625,96.01000213623047,62.650001525878906,410.489990234375,526.75,94.72000122070312,62.720001220703125,412.260009765625,529.25,95.6500015258789,274.17249584198,275.7944984436035,273.65249824523926,274.97000312805176
2025-02-11,62.0,410.07000732421875,525.9600219726562,94.58999633789062,62.709999084472656,412.54998779296875,529.9199829101562,96.16000366210938,60.939998626708984,409.4800109863281,525.8300170898438,94.54000091552734,61.349998474121094,411.04998779296875,527.989990234375,95.8499984741211,273.1550064086914,275.33499336242676,272.69750690460205,274.0599937438965
2025-02-12,60.630001068115234,406.6300048828125,522.2999877929688,92.95999908447266,62.95500183105469,411.4599914550781,529.1900024414062,95.51000213623047,60.47999954223633,406.0299987792969,521.9500122070312,92.66999816894531,62.68000030517578,410.6199951171875,528.2999877929688,94.95999908447266,270.6299982070923,274.7787494659424,270.28250217437744,274.1399955749512
2025-02-13,63.005001068115234,411.07000732421875,529.97998046875,95.44999694824219,64.77999877929688,416.05999755859375,536.219970703125,98.0199966430664,62.900001525878906,410.5400085449219,529.1900024414062,94.86000061035156,64.77999877929688,415.760009765625,535.9000244140625,97.91999816894531,274.87624645233154,278.7699909210205,274.37250328063965,278.5900077819824
2025-02-14,66.01000213623047,415.760009765625,536.010009765625,97.94000244140625,67.16000366210938,416.9100036621094,538.8400268554688,98.41000366210938,65.8499984741211,414.8599853515625,535.6699829101562,97.4800033569336,67.0199966430664,416.3699951171875,538.1500244140625,97.80999755859375,278.9300060272217,280.3300094604492,278.46499252319336,279.83750343322754
2025-02-18,67.9000015258789,417.5400085449219,539.72998046875,98.33999633789062,68.43000030517578,418.0400085449219,540.0,98.62000274658203,65.71499633789062,413.760009765625,536.0399780273438,97.1500015258789,66.4800033569336,416.3299865722656,539.3699951171875,98.55999755859375,280.87749671936035,281.2725028991699,278.16624641418457,280.1849956512451
2025-02-19,66.51000213623047,415.4800109863281,538.5700073242188,97.91999816894531,66.81999969482422,417.1700134277344,540.8099975585938,99.44000244140625,65.4000015258789,413.6499938964844,536.4600219726562,97.66999816894531,65.70999908447266,416.4800109863281,539.52001953125,99.29000091552734,279.62000465393066,281.06000328063965,278.2950038909912,280.25000762939453
2025-02-20,65.30999755859375,415.8999938964844,538.72998046875,98.58999633789062,65.30999755859375,415.8999938964844,539.0999755859375,98.6500015258789,62.54999923706055,410.9200134277344,532.4600219726562,96.37999725341797,63.97999954223633,414.2799987792969,537.22998046875,98.0199966430664,279.6324920654297,279.73999214172363,275.5775079727173,278.3774938583374
2025-02-21,64.4000015258789,414.3699951171875,538.3800048828125,97.83999633789062,64.41999816894531,414.7300109863281,538.4000244140625,97.87000274658203,60.08000183105469,404.57000732421875,525.7100219726562,92.68000030517578,60.20000076293945,404.8800048828125,526.0800170898438,92.94999694824219,278.7474994659424,278.8550090789795,270.76000785827637,271.0275049209595
2025-02-24,60.150001525878906,406.3900146484375,527.8800048828125,93.80999755859375,60.459999084472656,407.7699890136719,529.0700073242188,94.30000305175781,57.779998779296875,400.17999267578125,519.530029296875,91.2699966430664,59.08000183105469,400.739990234375,519.8699951171875,91.61000061035156,272.05750465393066,272.8999996185303,267.1900043487549,267.8249969482422
2025-02-25,58.07500076293945,400.0199890136719,519.239990234375,91.55999755859375,58.27000045776367,400.489990234375,519.3200073242188,91.87999725341797,55.09000015258789,392.67999267578125,509.44000244140625,88.05000305175781,56.0,396.7200012207031,513.3200073242188,90.16000366210938,267.223744392395,267.48999881744385,261.3149995803833,264.0500030517578
2025-02-26,56.560001373291016,398.4599914550781,515.530029296875,90.94000244140625,57.66999816894531,402.5199890136719,519.6599731445312,92.61000061035156,55.959999084472656,395.94000244140625,511.3699951171875,89.0999984741211,56.459999084472656,398.1700134277344,514.5599975585938,90.26000213623047,265.3725061416626,268.114990234375,263.0924987792969,264.8625030517578
2025-02-27,57.33000183105469,401.0899963378906,518.1300048828125,91.36000061035156,57.70000076293945,401.8500061035156,519.0700073242188,91.86000061035156,54.529998779296875,387.45001220703125,500.04998779296875,85.77999877929688,54.59000015258789,387.6000061035156,500.2699890136719,85.94999694824219,266.97750091552734,267.62000370025635,256.95249938964844,257.1024980545044
2025-02-28,53.66999816894531,387.0199890136719,500.1300048828125,86.08999633789062,55.720001220703125,394.8699951171875,508.7799987792969,90.12000274658203,53.099998474121094,384.3900146484375,496.92999267578125,84.72000122070312,55.63999938964844,394.6000061035156,508.1700134277344,89.8499984741211,256.7274971008301,262.3724994659424,254.78500175476074,262.0650043487549
2025-03-03,56.95000076293945,395.80999755859375,511.5199890136719,90.76000213623047,57.13999938964844,397.1600036621094,513.0399780273438,91.30000305175781,52.599998474121094,381.92999267578125,493.5799865722656,83.4000015258789,53.09000015258789,384.8599853515625,497.04998779296875,85.25,263.7599973678589,264.65999603271484,252.87749481201172,255.06249332427979
2025-03-04,51.47999954223633,380.70001220703125,494.17999267578125,83.33000183105469,54.560001373291016,388.760009765625,503.739990234375,85.80999755859375,50.22999954223633,375.92999267578125,487.739990234375,80.05999755859375,53.16999816894531,382.3800048828125,495.54998779296875,82.0999984741211,252.42250156402588,258.2174997329712,248.48999500274658,253.2999973297119
2025-03-05,53.52000045776367,382.7900085449219,496.20001220703125,81.9800033569336,54.76499938964844,389.1199951171875,503.6300048828125,85.4800033569336,52.529998779296875,379.6099853515625,491.260009765625,80.44000244140625,54.70000076293945,388.0400085449219,502.010009765625,84.66999816894531,253.6225061416626,258.2487506866455,250.95999908447266,257.3550043106079
2025-03-06,53.20000076293945,381.0299987792969,493.69000244140625,81.38999938964844,54.34000015258789,385.4700012207031,498.5799865722656,83.4000015258789,51.79999923706055,375.4599914550781,486.20001220703125,79.02999877929688,52.13999938964844,377.239990234375,488.20001220703125,80.20999908447266,252.32750034332275,255.4474973678589,248.1225004196167,249.44750022888184
2025-03-07,51.744998931884766,376.0299987792969,487.1600036621094,79.33999633789062,52.83000183105469,380.29998779296875,493.2799987792969,82.05000305175781,49.69499969482422,369.92999267578125,480.5299987792969,77.16999816894531,52.45000076293945,378.8500061035156,491.7900085449219,81.38999938964844,248.5687494277954,252.11499786376953,244.3312473297119,251.12000370025635
2025-03-10,50.86000061035156,371.7799987792969,483.45001220703125,77.87000274658203,50.880001068115234,371.9100036621094,483.9700012207031,78.70999908447266,47.20000076293945,360.3800048828125,468.6600036621094,72.77999877929688,47.86000061035156,363.8800048828125,472.7300109863281,74.95999908447266,245.99000358581543,246.3675012588501,237.25500202178955,239.8575038909912
2025-03-11,47.66999816894531,362.7099914550781,472.3500061035156,74.38999938964844,49.290000915527344,368.2900085449219,478.80999755859375,75.76000213623047,47.0099983215332,359.30999755859375,467.010009765625,71.45999908447266,48.189998626708984,362.9800109863281,471.6000061035156,73.08000183105469,239.27999877929688,243.03750228881836,236.19750118255615,238.96250438690186
2025-03-12,49.970001220703125,369.4200134277344,479.1600036621094,75.44000244140625,50.3650016784668,370.8299865722656,481.05999755859375,75.80999755859375,48.380001068115234,363.42999267578125,471.7900085449219,72.0999984741211,49.61000061035156,367.9200134277344,476.9200134277344,74.1500015258789,243.49750518798828,244.51624584197998,238.92500019073486,242.1500072479248
2025-03-13,49.2400016784668,367.20001220703125,476.25,73.97000122070312,49.310001373291016,367.5,476.2799987792969,74.22000122070312,46.91999816894531,358.94000244140625,466.42999267578125,70.45999908447266,47.25,360.07000732421875,468.3399963378906,71.19000244140625,241.6650037765503,241.82750034332275,235.68749809265137,236.7125015258789
2025-03-14,48.45000076293945,364.3299865722656,473.7300109863281,72.91999816894531,49.400001525878906,369.7300109863281,480.55999755859375,75.87999725341797,48.34000015258789,363.67999267578125,473.1199951171875,72.6500015258789,49.189998626708984,369.20001220703125,479.6600036621094,75.4800033569336,239.85749912261963,243.8925018310547,239.4474973678589,243.3825044631958
2025-03-17,49.14500045776367,368.95001220703125,479.6099853515625,75.43000030517578,50.516998291015625,372.79998779296875,485.8399963378906,78.25,48.70000076293945,367.1300048828125,477.79998779296875,75.29000091552734,49.97999954223633,370.3500061035156,482.7699890136719,77.18000030517578,243.2837495803833,246.85174560546875,242.229998588562,245.0699987411499
2025-03-18,49.150001525878906,367.42999267578125,479.4100036621094,76.22000122070312,49.15999984741211,367.510009765625,479.6099853515625,76.30999755859375,47.68000030517578,361.7900085449219,472.4100036621094,73.9000015258789,48.2400016784668,363.4599914550781,474.5400085449219,74.7300033569336,243.05249977111816,243.14749813079834,238.94500350952148,240.2425012588501
2025-03-19,48.90999984741211,365.3399963378906,476.80999755859375,75.38999938964844,51.025001525878906,372.4200134277344,485.3299865722656,78.61000061035156,48.709999084472656,364.20001220703125,474.8699951171875,74.9000015258789,50.04999923706055,369.0400085449219,480.8900146484375,77.05999755859375,241.61249828338623,246.84625053405762,240.67000198364258,244.26000499725342
2025-03-20,49.36000061035156,366.0400085449219,476.8800048828125,75.5,50.90999984741211,372.6499938964844,484.54998779296875,78.4800033569336,49.27199935913086,365.79998779296875,476.17999267578125,75.25,50.02000045776367,368.20001220703125,479.260009765625,76.5,241.94500350952148,246.6474962234497,241.62549495697021,243.49500560760498
2025-03-21,49.29999923706055,364.6099853515625,474.0799865722656,74.5199966430664,51.54499816894531,370.5199890136719,481.6099853515625,76.7699966430664,48.97999954223633,363.6499938964844,472.9100036621094,73.9800033569336,51.5,369.8999938964844,480.8399963378906,76.5,240.62749195098877,245.11124229431152,239.88000011444092,244.68499755859375
2025-03-24,52.89500045776367,375.5299987792969,487.739990234375,79.19999694824219,54.23500061035156,379.010009765625,491.510009765625,80.93000030517578,52.70000076293945,374.9200134277344,484.3999938964844,78.91999816894531,54.18000030517578,377.95001220703125,490.6600036621094,80.47000122070312,248.84124660491943,251.42125511169434,247.73500156402588,250.81500434875488
2025-03-25,54.26499938964844,379.0799865722656,491.3900146484375,81.01000213623047,54.5099983215332,380.5199890136719,493.6199951171875,81.45999908447266,53.38999938964844,378.07000732421875,490.4200134277344,80.31999969482422,54.13999938964844,380.260009765625,493.4599914550781,81.0,251.4362506866455,252.5274953842163,250.55000495910645,252.2150001525879
2025-03-26,53.81999969482422,379.0299987792969,492.29998779296875,80.70999908447266,54.04999923706055,379.239990234375,493.1600036621094,81.16000366210938,51.25,370.7200012207031,482.82000732421875,77.36000061035156,51.65999984741211,372.0400085449219,484.3800048828125,78.01000213623047,251.46499633789062,251.90249919891357,245.53750228881836,246.52250385284424
2025-03-27,51.25,370.239990234375,482.4100036621094,77.37999725341797,52.36000061035156,373.7300109863281,486.5799865722656,78.86000061035156,50.71799850463867,368.7300109863281,480.25,76.41999816894531,50.779998779296875,370.07000732421875,481.6199951171875,77.27999877929688,245.3199977874756,247.88249969482422,244.02950191497803,244.9375
